"399549","Metallosphaera sedula DSM 5348","75","0","0",\N,\N,"http://genome.jgi-psf.org/metse/metse.home.html"
"419942","Sulfolobus islandicus Y.N.15.51","59","0","0","","","http://www.ncbi.nlm.nih.gov/pubmed/19435847"
"439386","Sulfolobus islandicus Y.G.57.14","72","0","0","","Yellowstone","http://www.ncbi.nlm.nih.gov/pubmed/19435847"
"604354","Thermococcus sibiricus MM 739","78","40","88",\N,\N,"http://www.ncbi.nlm.nih.gov/pubmed/11354459"
"399550","Staphylothermus marinus F1","92","0","0",\N,\N,"http://genome.jgi-psf.org/stama/stama.home.html"
"402880","Methanococcus maripaludis C5","42","0","0","40-45","","http://genome.jgi-psf.org/metmc/metmc.home.html"
"349307","Methanosaeta thermophila PT","57","0","0",\N,\N,"http://www.ncbi.nlm.nih.gov/pubmed/1380291"
"426118","Sulfolobus islandicus M.16.4","76","0","0","","","http://www.ncbi.nlm.nih.gov/pubmed/19435847"
"420247","Methanobrevibacter smithii ATCC 35061","37","0","0",\N,\N,"http://www.pnas.org/content/104/25/10643.abstract"
"362976","Haloquadratum walsbyi DSM 16790","37","0","0","",\N,"http://www.straininfo.net/publications/95463/browser/pubmed http://onlinelibrary.wiley.com/doi/10.1111/j.1462-2920.2004.00692.x/full"
"368407","Methanoculleus marisnigri JR1","22","15","45",\N,\N,"http://www.google.com/url?sa=t&rct=j&q=methanoculleus%20marisnigri%20jr1&source=web&cd=2&ved=0CDcQFjAB&url=http%3A%2F%2Fwww.standardsingenomics.org%2Findex.php%2Fsigen%2Farticle%2Fview%2Fsigs.32535%2Fpdf_11&ei=wgpfUcTEOuu00AGM2YGABQ&usg=AFQjCNF3W2dV2f78M8"
"163003","Thermococcus sp. CL1","88","55","94","","","http://jb.asm.org/content/194/17/4769.full http://onlinelibrary.wiley.com/doi/10.1111/j.1574-6941.2001.tb00825.x/abstract"
"368408","Thermofilum pendens Hrk 5","88","0","95",\N,\N,"http://www.sciencedirect.com/science/article/pii/S0723202083800356#"
"384616","Pyrobaculum islandicum DSM 4184","100","74","0",\N,\N,"http://link.springer.com/article/10.1007%2FBF00425072"
"573064","Methanocaldococcus fervens AG86","85","48","92",\N,\N,"http://www.ncbi.nlm.nih.gov/pubmed/10319479"
"519442","Halorhabdus utahensis DSM 12940","50","17","55",\N,\N,"http://www.ncbi.nlm.nih.gov/pubmed/10826803"
"427318","Sulfolobus islandicus M.16.27","76","0","0","","","http://www.ncbi.nlm.nih.gov/pubmed/19435847"
"456442","Methanoregula boonei 6A8","35","0","0",\N,\N,"http://www.ncbi.nlm.nih.gov/pubmed/20154331"
"416348","Halorubrum lacusprofundi ATCC 49239","34","4","44","31-37","hypersaline antarctic lake","http://www.sciencedirect.com/science/article/pii/S0723202088800444"
"768679","Thermoproteus tenax Kra 1","90","0","100",\N,\N,"http://www.sciencedirect.com/science/article/pii/S0721957181800014"
"485914","Halomicrobium mukohataei DSM 12286","40","0","0",\N,\N,"http://www.ncbi.nlm.nih.gov/pubmed/8995805"
"410358","Methanocorpusculum labreanum Z","37","0","45",\N,\N,"http://ijs.sgmjournals.org/content/39/1/10.abstract"
"410359","Pyrobaculum calidifontis JCM 11548","92","0","0",\N,\N,"http://www.ncbi.nlm.nih.gov/pubmed/15803649"
"419665","Methanococcus aeolicus Nankai-3","46","20","55","","deep marine sediment Japan","http://www.ncbi.nlm.nih.gov/pubmed/16825624"
"406327","Methanococcus vannielii SB","38","18","47",\N,\N,"http://link.springer.com/article/10.1007/BF00408015#page-1"
"427317","Sulfolobus islandicus M.14.25","91","0","0","","Kamchatka","http://www.ncbi.nlm.nih.gov/pubmed/19435847"
"593117","Thermococcus gammatolerans EJ3","88","55","95",\N,\N,"http://ijs.sgmjournals.org/content/53/3/847.abstract"
"429572","Sulfolobus islandicus L.S.2.15","78","0","0","","","http://www.ncbi.nlm.nih.gov/pubmed/19435847"
"340102","Pyrobaculum arsenaticum DSM 13514","92","68","100",\N,\N,"http://www.ncbi.nlm.nih.gov/pubmed/11108007"
"426368","Methanococcus maripaludis C7","38","18","47",\N,\N,"http://link.springer.com/article/10.1007/BF00408015"
"415426","Hyperthermus butylicus DSM 5456","100","0","108","95-106","solfataric sea floor Azores","http://jb.asm.org/content/172/7/3959"
"453591","Ignicoccus hospitalis KIN4/I","90","73","98",\N,\N,"http://ijs.sgmjournals.org/content/57/4/803.abstract"
"444158","Methanococcus maripaludis C6",\N,\N,\N,\N,\N,\N
"304371","Methanocella paludicola SANAE","36","25","40",\N,\N,"http://ijs.sgmjournals.org/content/58/4/929.short"
"644281","Methanocaldococcus sp. FS406-22","90","58","92","","deep sea hydrothermal vent Pacific","http://www.ncbi.nlm.nih.gov/pubmed/17170307"
"436308","Nitrosopumilus maritimus SCM1","27","0","0","25-30","","http://www.ncbi.nlm.nih.gov/pubmed/20421470 http://www.nature.com/nature/journal/v461/n7266/full/nature08465.html"
"397948","Caldivirga maquilingensis IC-167","85","60","92","","acidic hot spring","http://www.ncbi.nlm.nih.gov/pubmed/10425774"
"425944","Sulfolobus islandicus L.D.8.5","78","0","0","","","http://www.ncbi.nlm.nih.gov/pubmed/19435847"
"572546","Archaeoglobus profundus DSM 5631","82","65","90","","deep sea hydrothermal vent","http://www.sciencedirect.com/science/article/pii/S0723202011801761 http://standardsingenomics.org/index.php/sigen/article/view/sigs.942153/315"
"374847","Candidatus Korarchaeum cryptofilum OPF8","85","0","0","","yellowstone national park obsidian pool","http://www.pnas.org/content/105/23/8102.long"
"444157","Thermoproteus neutrophilus V24Sta","85","0","0","","","http://ijs.sgmjournals.org/content/early/2012/05/04/ijs.0.043091-0.abstract http://www.straininfo.net/strains/157917/browser"
"478009","Halobacterium salinarum R1","41","22","50","37-45","","http://link.springer.com/article/10.1007%2Fs00792-004-0403-6"
"439481","Aciduliprofundum boonei T469","70","55","75","","deep sea hydrothermal vent","http://www.nature.com/nature/journal/v442/n7101/full/nature04921.html"
"543526","Haloterrigena turkmenica DSM 5511","51","29","56",\N,\N,"http://www.ncbi.nlm.nih.gov/pmc/articles/PMC545725/"
"634498","Methanobrevibacter ruminantium M1","39","0","0","","bovine rumen","http://www.ncbi.nlm.nih.gov/pubmed/17329767"
"768672","Desulfurococcus fermentans DSM 16532","82","63","89","80-82","freshwater hot spring Kamchatka","http://www.ncbi.nlm.nih.gov/pubmed/15879224"
"1163730","Fervidicoccus fontis Kam940","67","55","85","65-70",\N,"http://www.ncbi.nlm.nih.gov/pubmed/19837732"
"634497","Haloarcula hispanica ATCC 33960","37","25","50","35-40","solar saltern Spain","http://www.sciencedirect.com/science/article/pii/S0723202086801527"
"523841","Haloferax mediterranei ATCC 33500","38","0","0","","","http://mic.sgmjournals.org/content/119/2/535"
"756883","halophilic archaeon DL31",\N,\N,\N,\N,\N,\N
"797210","Halopiger xanaduensis SH-6","37","28","45",\N,\N,"http://www.ncbi.nlm.nih.gov/pubmed/17625165"
"768065","Haloquadratum walsbyi C23","45","25","45","","solar saltern Australia","http://ijs.sgmjournals.org/content/57/2/387.abstract"
"1041930","Methanocella conradii HZ254","55","37","60","","rice field soil China","http://www.ncbi.nlm.nih.gov/pubmed/22530002"
"1053692","Methanococcus maripaludis X1","0","0","0","","","http://jb.asm.org/content/193/19/5595.full.pdf"
"1201294","Methanoculleus bourgensis MS2","37","20","50",\N,\N,"http://ijs.sgmjournals.org/content/40/2/117.abstract"
"1110509","Methanosaeta harundinacea 6Ac","37","25","45","34-37","beer reactor wastewater China","http://ijs.sgmjournals.org/content/56/1/127.full"
"679901","Methanosalsum zhilinae DSM 4017","45","0","0","","lake, Egypt","http://www.ncbi.nlm.nih.gov/pubmed/11540079"
"647113","Methanothermococcus okinawensis IH1","62","40","75","60-65","deep sea hydrothermal vent Japan","http://www.ncbi.nlm.nih.gov/pubmed/12148612"
"579137","Methanocaldococcus vulcanius M7","80","49","89",\N,\N,"http://www.ncbi.nlm.nih.gov/pubmed/10319479"
"309800","Haloferax volcanii DS2","45","31","49",\N,\N,"http://www.ncbi.nlm.nih.gov/pmc/articles/PMC545725/"
"547558","Methanohalophilus mahii DSM 5219","37","0","45","","sediment, Great Salt Lake Utah USA","http://ijs.sgmjournals.org/content/38/1/122.abstract"
"547559","Natrialba magadii ATCC 43099","38","0","0","37-40","saline soda lake, Kenya","http://ijsb.sgmjournals.org/content/47/3/853.short http://www.sciencedirect.com/science/article/pii/S0723202084800508"
"589924","Ferroglobus placidus DSM 10642","85","65","95",\N,\N,"http://link.springer.com/article/10.1007/s002030050388"
"666510","Acidilobus saccharovorans 345-15","82","60","90","80-85","acidic hot spring","http://www.ncbi.nlm.nih.gov/pubmed/19643887"
"224325","Archaeoglobus fulgidus DSM 4304","83","60","95","","","http://www.ncbi.nlm.nih.gov/pubmed/9389475"
"272557","Aeropyrum pernix K1","92","70","100","90-95","","http://www.ncbi.nlm.nih.gov/pubmed/8863437"
"930943","Sulfolobus islandicus HVE10/4","0","0","0","","","http://jb.asm.org/content/193/7/1672.full"
"644295","Methanohalobium evestigatum Z-7303","50","0","0","","mud from salt lagoon Crimea USSR","https://www.dsmz.de/catalogues/details/culture/DSM-3721.html"
"633148","Thermosphaera aggregans DSM 11486","85","67","90","","solfataric spring Yellowstone","http://www.ncbi.nlm.nih.gov/pubmed/9542073"
"795797","Halalkalicoccus jeotgali B3","41","21","50",\N,\N,"http://www.ncbi.nlm.nih.gov/pubmed/17911300"
"79929","Methanothermobacter marburgensis str. Marburg","65","0","0","","mesophilic sewage sludge","http://www.dsmz.de/catalogues/details/culture/DSM-2133.html"
"591019","Staphylothermus hellenicus DSM 12710","85","70","90","","geothermal vent Greece","http://www.ncbi.nlm.nih.gov/pubmed/11155985"
"406552","Natrinema sp. J7-2","37","0","0","","salt mine China","http://www.ncbi.nlm.nih.gov/pmc/articles/PMC3402447/"
"456320","Methanococcus voltae A3","38","0","0","","","http://jb.asm.org/content/149/3/852.short"
"573063","methanocaldococcus infernus ME","85","55","91","","deep sea hydrothermal vent Atlanti","http://ijs.sgmjournals.org/content/48/3/913.short"
"351160","Methanocella arvoryzae MRE50","45","37","55",\N,\N,"http://www.ncbi.nlm.nih.gov/pubmed/20097796"
"1042877","Thermococcus sp. 4557","80","0","0","","","http://jb.asm.org/content/193/19/5544.full http://www.ncbi.nlm.nih.gov/pubmed/17329765?dopt=Abstract"
"521011","Methanosphaerula palustris E1-9c","30","14","35","","wetland, peatland","http://www.ncbi.nlm.nih.gov/pubmed/19406770"
"555311","Sulfolobus solfataricus 98/2","75","55","90","","","https://microbewiki.kenyon.edu/index.php/Sulfolobus_solfataricus"
"523846","Methanothermus fervidus DSM 2088","83","65","97","","hot spring, Iceland","http://www.sciencedirect.com/science/article/pii/S0721957181800385 http://epub.uni-regensburg.de/10896/1/ubr04648_ocr.pdf"
"391623","Thermococcus barophilus MP","85","48","95","","deep sea hydrothermal vent Atlantic","http://www.ncbi.nlm.nih.gov/pubmed/10319455"
"765177","Desulfurococcus mucosus DSM 2162","85","76","93",\N,\N,"http://www.ncbi.nlm.nih.gov/pmc/articles/PMC3111991/"
"693661","Archaeoglobus veneficus SNP6","80","65","85","75-80","deep sea hydrothermal vent","http://www.sciencedirect.com/science/article/pii/S0723202097800057"
"490899","Desulfurococcus kamchatkensis 1221n","85","65","87","","hot spring Kamchatka","http://www.ncbi.nlm.nih.gov/pubmed/19542129"
"269797","Methanosarcina barkeri str. Fusaro","35","0","0","","","http://www.ncbi.nlm.nih.gov/pmc/articles/PMC1636319/"
"523850","Thermococcus onnurineus NA1","80","0","0","","deep sea hydrothermal vent Pacific","http://cat.inist.fr/?aModele=afficheN&cpsidt=18337406"
"583356","Ignisphaera aggregans DSM 17230","93","85","98","92-95","geothermal New Zealand","http://www.ncbi.nlm.nih.gov/pubmed/16627639"
"1104324","Pyrobaculum sp. 1860","84","0","0","","lake, Kamchatka","http://jb.asm.org/content/194/3/727.long"
"990316","Methanosaeta concilii GP6","37","0","0","35-40","","http://ijs.sgmjournals.org/content/40/1/79.short"
"698757","Pyrobaculum oguniense TE7","92","0","97",\N,\N,"http://www.ncbi.nlm.nih.gov/pubmed/11321074?dopt=Abstract"
"1185654","Pyrococcus furiosus COM1","98","0","0","","","http://www.ncbi.nlm.nih.gov/pubmed/22636780"
"985053","Vulcanisaeta moutnovskia 768-28","0","60","98","","solfataric field Kamchatka","http://www.ncbi.nlm.nih.gov/pubmed/21398550"
"64091","Halobacterium sp. NRC-1","41","22","50","37-45","","http://link.springer.com/article/10.1007%2Fs00792-004-0403-6"
"1183377","Pyrococcus sp. ST04","95","0","0","","","http://www.ncbi.nlm.nih.gov/pubmed/22843576"
"529709","Pyrococcus yayanosii CH1","98","80","108","","deep sea hydrothermal vent Atlantic","http://jb.asm.org/content/193/16/4297.abstract http://ijs.sgmjournals.org/content/61/12/2827.full"
"694429","Pyrolobus fumarii 1A","106","90","113","","deep sea hydrothermal vent Atlantic","http://www.ncbi.nlm.nih.gov/pubmed/9680332"
"272569","Haloarcula marismortui ATCC 43049","45","0","0","40-50","Dead Sea","http://ijs.sgmjournals.org/content/40/2/209.abstract"
"342949","Pyrococcus sp. NA2","93","70","100","","","http://jb.asm.org/content/193/14/3666.abstract"
"868132","Methanobacterium sp. AL-21","35","0","0","32-37","","http://www.ncbi.nlm.nih.gov/pubmed/24449792"
"572478","Vulcanisaeta distributa DSM 14429","87","70","92",\N,\N,"http://www.ncbi.nlm.nih.gov/pubmed/12148613"
"187420","Methanothermobacter thermautotrophicus str. Delta H","65","40","70","","","http://jb.asm.org/content/179/22/7135.full.pdf"
"679926","Methanoplanus petrolearius DSM 11571","37","0","0","","offshore oil field Africa","http://www.ncbi.nlm.nih.gov/pubmed/9037763"
"243232","Methanocaldococcus jannaschii DSM 2661","85","50","86","","deep sea hydrothermal vent Pacific","http://link.springer.com/article/10.1007/BF00425213"
"868131","Methanobacterium sp. SWAN-1","35","0","0","32-37","","http://www.ncbi.nlm.nih.gov/pubmed/24449792"
"933801","Acidianus hospitalis W1","85","65","95","","","http://www.ncbi.nlm.nih.gov/pmc/articles/PMC3119797/ http://www.sciencedirect.com/science/article/pii/S0042682203004811"
"1184251","Thermogladius cellulolyticus 1633","84","0","0","","hot spring Kamchatka","http://jb.asm.org/content/194/16/4446.full"
"880724","Methanotorris igneus Kol 5","88","45","91","","","http://www.sciencedirect.com/science/article/pii/S0723202011801979"
"414004","Cenarchaeum symbiosum A","10","10","0","","sponges off california coast 10-20m deep","http://www.pnas.org/content/93/13/6241.abstract"
"999630","Thermoproteus uzoniensis 768-20","90","74","102",\N,\N,"http://link.springer.com/content/pdf/10.1007/BF00248836"
"469382","Halogeometricum borinquense DSM 11551","40","22","50","","solar saltern Puerto Rico","http://www.ncbi.nlm.nih.gov/pubmed/9828431"
"1006006","Metallosphaera cuprina Ar-4","65","55","75","","sulfuric hot spring China","http://www.ncbi.nlm.nih.gov/pubmed/21057050"
"267377","Methanococcus maripaludis S2","0","0","0","","","http://www.sciencedirect.com/science/article/pii/S0723202086800121 http://jb.asm.org/content/186/20/6956.long"
"339860","Methanosphaera stadtmanae DSM 3091","38","0","0",\N,\N,"http://www.ncbi.nlm.nih.gov/pubmed/3994486"
"323259","Methanospirillum hungatei JF-1","35","0","0",\N,\N,"http://ijs.sgmjournals.org/content/24/4/465.full.pdf+html"
"259564","Methanococcoides burtonii DSM 6242","23.4","1.7","29.5","","seawater lake, Antarctica","http://www.sciencedirect.com/science/article/pii/S0723202011801177"
"188937","Methanosarcina acetivorans C2A","40","15","45","35-40","marine sediment off California","http://www.ncbi.nlm.nih.gov/pubmed/16346552"
"190192","Methanopyrus kandleri AV19","98","84","110",\N,\N,"http://link.springer.com/article/10.1007%2FBF00262992"
"192952","Methanosarcina mazei Go1","35","30","40","30-40","","http://ijsb.sgmjournals.org/content/34/2/263.full.pdf"
"228908","Nanoarchaeum equitans Kin4-M","90","70","98","","","http://www.nature.com/nature/journal/v417/n6884/abs/417063a.html"
"348780","Natronomonas pharaonis DSM 2160","44","22","56","","","http://www.ncbi.nlm.nih.gov/pmc/articles/PMC545725/ http://www.sciencedirect.com/science/article/pii/S0723202084800508"
"263820","Picrophilus torridus DSM 9790","60","0","0",\N,\N,"http://www.ncbi.nlm.nih.gov/pmc/articles/PMC428478/"
"272844","Pyrococcus abyssi GE5","96","67","102",\N,\N,"http://www.ncbi.nlm.nih.gov/pubmed/12622808"
"178306","Pyrobaculum aerophilum str. IM2","100","75","104","","","http://www.ncbi.nlm.nih.gov/pubmed/7692819"
"70601","Pyrococcus horikoshii OT3","98","80","102","","","http://www.ncbi.nlm.nih.gov/pubmed/9672687 http://www.irnase.csic.es/users/micro/extrem/articles/Gonzalez98.pdf"
"186497","Pyrococcus furiosus DSM 3638","100","70","103","","geothermal marine sediment Italy","http://link.springer.com/article/10.1007/BF00413027"
"273057","Sulfolobus solfataricus P2","80","0","0","","","http://www.ncbi.nlm.nih.gov/pmc/articles/PMC35428/"
"273063","Sulfolobus tokodaii str. 7","80","70","85","","hot springs Japan","http://link.springer.com/content/pdf/10.1007/s007920100221"
"246969","Thermococcus sp. AM4","80","0","0","","","http://jb.asm.org/content/193/24/7019.full"
"273075","Thermoplasma acidophilum DSM 1728","59","45","62",\N,\N,"http://www.ncbi.nlm.nih.gov/pubmed/11029001 http://www.ncbi.nlm.nih.gov/pubmed/5481857?dopt=Abstract&holding=npg"
"69014","Thermococcus kodakarensis KOD1","85","60","100",\N,\N,"http://www.ncbi.nlm.nih.gov/pmc/articles/PMC2685570/"
"273116","Thermoplasma volcanium GSS1","67","33","60","","solfatara, Italy","http://www.sciencedirect.com/science/article/pii/S0723202088800316"
"930945","Sulfolobus islandicus REY15A","77","0","0","75-80","","http://www.biochemsoctrans.org/bst/ev/037/0092/bst0370092_ev.htm"
"330779","Sulfolobus acidocaldarius DSM 639","80","55","80",\N,\N,"http://www.ncbi.nlm.nih.gov/pubmed/15995215 http://www.ncbi.nlm.nih.gov/pubmed/4559703"
"563177","Acidianus hospitalis","0","0","0","","",""
"242703","Acidilobus saccharovorans","0","0","0","","",""
"379547","Aciduliprofundum boonei","0","0","0","","",""
"673860","Aciduliprofundum sp. MAR08-339","70","0","0","","deep-sea hydrothermal vent","http://www.ncbi.nlm.nih.gov/nuccore/432134635"
"1130284","Aenigmarchaeota archaeon JGI 0000106-F11","0","0","0","","",""
"1046938","Aenigmarchaeota archaeon SCGC AAA011-F07","0","0","0","","",""
"229980","Aeropyrum camini","85","70","97","","","http://www.ncbi.nlm.nih.gov/pubmed/15023940"
"56636","Aeropyrum pernix","0","0","0","","",""
"1052838","Aigarchaeota archaeon JGI 0000001-A7","0","0","0","","",""
"1052839","Aigarchaeota archaeon JGI 0000001-B8","0","0","0","","",""
"1052841","Aigarchaeota archaeon JGI 0000001-H6","0","0","0","","",""
"1130285","Aigarchaeota archaeon JGI 0000106-J15","0","0","0","","",""
"1052823","Aigarchaeota archaeon SCGC AAA471-A16","0","0","0","","",""
"1052825","Aigarchaeota archaeon SCGC AAA471-B22","0","0","0","","",""
"1052826","Aigarchaeota archaeon SCGC AAA471-D15","0","0","0","","",""
"1052827","Aigarchaeota archaeon SCGC AAA471-E14","0","0","0","","",""
"1052828","Aigarchaeota archaeon SCGC AAA471-E16","0","0","0","","",""
"1052829","Aigarchaeota archaeon SCGC AAA471-F17","0","0","0","","",""
"1052830","Aigarchaeota archaeon SCGC AAA471-G05","0","0","0","","",""
"1052831","Aigarchaeota archaeon SCGC AAA471-I13","0","0","0","","",""
"1052832","Aigarchaeota archaeon SCGC AAA471-J07","0","0","0","","",""
"1052833","Aigarchaeota archaeon SCGC AAA471-J08","0","0","0","","",""
"2234","Archaeoglobus fulgidus","0","0","0","","",""
"84156","Archaeoglobus profundus","0","0","0","","",""
"1316941","Archaeoglobus sulfaticallidus","75","0","0","","","http://www.ncbi.nlm.nih.gov/pubmed/20061497"
"58290","Archaeoglobus veneficus","0","0","0","","",""
"200415","Caldisphaera lagunensis","72","45","80","70-75","","http://www.ncbi.nlm.nih.gov/pubmed/12892143"
"76887","Caldivirga maquilingensis","85","60","92","","","http://www.ncbi.nlm.nih.gov/pubmed/10425774"
"1160895","Candidatus Acidianus copahuensis","75","0","0","","","http://www.ncbi.nlm.nih.gov/genome/?term=txid1160895[Organism:noexp]"
"1462428","Candidatus Aenigmarchaeum subterraneum","0","0","0","","","http://www.ncbi.nlm.nih.gov/genome/?term=txid1462428[Organism:exp]"
"311458","Candidatus Caldiarchaeum subterraneum","70","0","0","","","http://nar.oxfordjournals.org/content/39/8/3204.long"
"1431545","Candidatus Halobonum tyrrellensis","0","0","0","","Aquatic","http://www.ncbi.nlm.nih.gov/pmc/articles/PMC3861417/"
"1072681","Candidatus Haloredivivus sp. G17","0","0","0","","Aquatic","http://www.nature.com/srep/2011/111031/srep00135/full/srep00135.html"
"1462419","Candidatus Iainarchaeum andersonii","0","0","0","","","http://www.nature.com/ismej/journal/vaop/ncurrent/full/ismej2014141a.html"
"498846","Candidatus Korarchaeum cryptofilum","0","0","0","","",""
"1406512","Candidatus Methanomassiliicoccus intestinalis","37","0","0","","human gut","http://genomea.asm.org/content/1/4/e00453-13.full"
"1291540","Candidatus Methanomethylophilus alvus","37","0","0","","human gut","http://www.ncbi.nlm.nih.gov/pubmed/23209209"
"1392998","Candidatus Methanoperedens nitroreducens","0","22","35","","","http://www.ncbi.nlm.nih.gov/pubmed/23892779"
"889948","Candidatus Nanosalina sp. J07AB43","28","0","0","","","http://www.nature.com/ismej/journal/v6/n1/full/ismej201178a.html"
"889962","Candidatus Nanosalinarum sp. J07AB56","28","0","0","","","http://www.nature.com/ismej/journal/v6/n1/full/ismej201178a.html"
"1088740","Candidatus Nitrosoarchaeum koreensis","0","0","0","","","http://www.ncbi.nlm.nih.gov/pubmed/21914867"
"1007084","Candidatus Nitrosoarchaeum limnia","22","0","0","","","http://www.ncbi.nlm.nih.gov/pmc/articles/PMC3043068/"
"1510466","Candidatus Nitrosopumilus koreensis","25","0","0","","","http://www.ncbi.nlm.nih.gov/genome/?term=txid1510466[Organism:exp]"
"1170320","Candidatus Nitrosopumilus salaria","0","0","0","","","http://jb.asm.org/content/194/8/2121.full.pdf"
"1229909","Candidatus Nitrosopumilus sp. AR2","25","0","0","","Aquatic","http://www.ncbi.nlm.nih.gov/genome/?term=txid1229909[Organism:noexp]"
"1459637","Candidatus Nitrososphaera evergladensis","0","0","0","","soil","http://www.plosone.org/article/info%3Adoi%2F10.1371%2Fjournal.pone.0101648#pone.0101648-Tourna1"
"497727","Candidatus Nitrososphaera gargensis","46","0","0","","","http://www.ncbi.nlm.nih.gov/pubmed/23057602"
"662759","Candidatus Parvarchaeum acidiphilum","38","0","0","","mine in CA","http://www.ncbi.nlm.nih.gov/pubmed/20421484?dopt=Abstract"
"662761","Candidatus Parvarchaeum acidophilus","38","0","0","","mine in CA"," http://www.ncbi.nlm.nih.gov/pubmed/20421484?dopt=Abstract"
"46770","Cenarchaeum symbiosum","0","0","0","","",""
"1052801","Crenarchaeota archaeon SCGC AAA471-B05",\N,\N,\N,\N,\N,\N
"1052802","Crenarchaeota archaeon SCGC AAA471-B23",\N,\N,\N,\N,\N,\N
"1052803","Crenarchaeota archaeon SCGC AAA471-C03",\N,\N,\N,\N,\N,\N
"1052804","Crenarchaeota archaeon SCGC AAA471-L13",\N,\N,\N,\N,\N,\N
"1052805","Crenarchaeota archaeon SCGC AAA471-L14",\N,\N,\N,\N,\N,\N
"1052806","Crenarchaeota archaeon SCGC AAA471-O08",\N,\N,\N,\N,\N,\N
"94694","Desulfurococcus amylolyticus","91","0","0","90-92","","http://link.springer.com/article/10.1007%2FBF02756750"
"228748","Desulfurococcus fermentans","0","0","0","","",""
"477693","Desulfurococcus kamchatkensis","0","0","0","","",""
"2275","Desulfurococcus mucosus","0","0","0","","",""
"1104575","Diapherotrites archaeon SCGC AAA011-K09",\N,\N,\N,\N,\N,\N
"743731","Diapherotrites archaeon SCGC AAA011-N19",\N,\N,\N,\N,\N,\N
"913322","Euryarchaeota archaeon SCGC AAA252-I15",\N,\N,\N,\N,\N,\N
"1298898","Euryarchaeota archaeon SCGC AAA286-E23",\N,\N,\N,\N,\N,\N
"1298895","Euryarchaeota archaeon SCGC AAA287-E17",\N,\N,\N,\N,\N,\N
"1298899","Euryarchaeota archaeon SCGC AAA287-I03",\N,\N,\N,\N,\N,\N
"1298894","Euryarchaeota archaeon SCGC AAA287-N16",\N,\N,\N,\N,\N,\N
"54261","Ferroglobus placidus","0","0","0","","",""
"97393","Ferroplasma acidarmanus","39","0","0","35-42","","http://www.ncbi.nlm.nih.gov/pmc/articles/PMC383147/"
"683846","Fervidicoccus fontis","0","0","0","","",""
"453847","Haladaptatus cibarius","37","15","50","","",""
"367189","Haladaptatus paucihalophilus","27","25","45","25–30","","http://www.ncbi.nlm.nih.gov/pubmed/17220434"
"413810","Halalkalicoccus jeotgali","0","0","0","","",""
"1457250","Halapricum salinum","37","30","45","","","http://www.ncbi.nlm.nih.gov/pubmed/24677144"
"489138","Halarchaeum acidiphilum","37","15","45","","","http://www.ncbi.nlm.nih.gov/pubmed/19965997"
"396317","Haloarcula amylolytica","41","20","52","","","http://www.ncbi.nlm.nih.gov/pubmed/17220450"
"43776","Haloarcula argentinensis","40","0","0","","","http://ijs.sgmjournals.org/content/47/1/73.long"
"244363","Haloarcula californiae","37","0","0","","","http://www.ncbi.nlm.nih.gov/pubmed/22848480"
"51589","Haloarcula hispanica","0","0","0","","",""
"29282","Haloarcula japonica","44","0","0","","","http://www.ncbi.nlm.nih.gov/pubmed/21340748"
"2238","Haloarcula marismortui","0","0","0","","",""
"35742","Haloarcula sinaiiensis","37","0","0","","","http://www.ncbi.nlm.nih.gov/pubmed/22848480 http://www.atcc.org/~/ps/33800.ashx"
"28442","Haloarcula vallismortis","37","0","0","","","http://www.atcc.org/products/all/43784.aspx#culturemethod"
"2242","Halobacterium salinarum","0","0","0","","",""
"751944","Halobacterium sp. DL1","0","0","0","","",""
"1448860","Halobellus rufus","37","20","55","","","http://www.ncbi.nlm.nih.gov/pubmed/24609529?dopt=Abstract"
"229731","Halobiforma lacisalsi","43","24","57","42-45","","http://ijs.sgmjournals.org/content/55/5/1949.full"
"130048","Halobiforma nitratireducens","42","0","0","","","http://www.ncbi.nlm.nih.gov/pubmed/12508897"
"332168","Halococcus hamelinensis","37","0","0","","","http://www.ncbi.nlm.nih.gov/pubmed/16738110"
"2250","Halococcus morrhuae","37","0","0","","","http://www.atcc.org/products/all/43103.aspx#culturemethod"
"62319","Halococcus saccharolyticus","37","0","0","","","http://www.sciencedirect.com/science/article/pii/S0723202089800104 http://www.dsmz.de/catalogues/details/culture/DSM-5350.html"
"36738","Halococcus salifodinae","40","0","0","","","http://www.mdpi.com/2075-1729/3/1/244/htm"
"1264579","Halococcus sediminicola","37","25","40","35-40","","http://www.ncbi.nlm.nih.gov/pubmed/24132728"
"335952","Halococcus thailandensis","37","15","45","","","http://www.ncbi.nlm.nih.gov/pubmed/17911282"
"114529","Haloferax alexandrinus","37","20","55","","","http://www.ncbi.nlm.nih.gov/pubmed/12054232"
"35745","Haloferax denitrificans","37","0","0","","","http://www.atcc.org/products/all/35960.aspx#culturemethod"
"403191","Haloferax elongans","47","23","55","42-53","","http://www.ncbi.nlm.nih.gov/pubmed/18398172"
"35746","Haloferax gibbonsii","37","0","0","","","http://www.atcc.org/products/all/33959.aspx#culturemethod"
"302484","Haloferax larsenii","43","25","55","42-45","","http://www.ncbi.nlm.nih.gov/pubmed/17392193"
"2254","Haloferax lucentense","37","10","45","","","http://link.springer.com/article/10.1007%2Fs00792-002-0282-7"
"2252","Haloferax mediterranei","0","0","0","","",""
"403181","Haloferax mucosum","48","23","55","42-53","","http://www.ncbi.nlm.nih.gov/pubmed/18398172"
"381852","Haloferax prahovense","43","23","51","38-48","","http://www.ncbi.nlm.nih.gov/pubmed/17267985"
"1508454","Haloferax sp. ATB1","0","37","50","","","http://www.ncbi.nlm.nih.gov/pubmed/25125649"
"1227462","Haloferax sp. ATCC BAA-644","37","0","0","","","http://www.atcc.org/products/all/BAA-644.aspx#culturemethod"
"1227463","Haloferax sp. ATCC BAA-645",\N,\N,\N,\N,\N,\N
"1227464","Haloferax sp. ATCC BAA-646",\N,\N,\N,\N,\N,\N
"1243180","Haloferax sp. BAB2207",\N,\N,\N,\N,\N,\N
"255616","Haloferax sulfurifontis","35","18","50","32-37","","http://www.ncbi.nlm.nih.gov/pubmed/15545470"
"2246","Haloferax volcanii","0","0","0","","",""
"60847","Halogeometricum borinquense","0","0","0","","",""
"693851","Halogranum salarium","37","15","50","","","http://www.ncbi.nlm.nih.gov/pubmed/21616619"
"1380430","Halolamina rubra","37","20","50","","","http://www.ncbi.nlm.nih.gov/pubmed/24633912"
"437163","Halomicrobium katesii","38","35","50","37-40","","http://www.ncbi.nlm.nih.gov/pubmed/18842855"
"57705","Halomicrobium mukohataei","0","0","0","","",""
"1070774","Halonotius sp. J07HN4",\N,\N,\N,\N,\N,\N
"1238427","Halonotius sp. J07HN6",\N,\N,\N,\N,\N,\N
"1293047","Halopiger sp. IIH2",\N,\N,\N,\N,\N,\N
"1293048","Halopiger sp. IIH3",\N,\N,\N,\N,\N,\N
"387343","Halopiger xanaduensis","37","0","45","","","http://www.ncbi.nlm.nih.gov/pubmed/17625165"
"376171","Haloplanus natans","40","37","52","","","http://www.ncbi.nlm.nih.gov/pubmed/17392206"
"1238426","Haloquadratum sp. J07HQX50",\N,\N,\N,\N,\N,\N
"293091","Haloquadratum walsbyi","0","0","0","","",""
"430914","Halorhabdus tiamatea","45","15","55","","","http://www.ncbi.nlm.nih.gov/pubmed/18175711"
"146826","Halorhabdus utahensis","0","0","0","","",""
"368623","Halorubrum aidingense","41","25","52","40-42","","http://ijs.sgmjournals.org/content/56/7/1631.full"
"368454","Halorubrum arcis","42","25","55","","","http://www.ncbi.nlm.nih.gov/pubmed/17473261"
"416585","Halorubrum californiense","37","25","42","","","http://www.ncbi.nlm.nih.gov/pubmed/19060045"
"64713","Halorubrum coriense","37","0","0","","","https://www.dsmz.de/catalogues/details/culture/DSM-10284.html"
"29283","Halorubrum distributum",\N,\N,\N,\N,\N,\N
"337243","Halorubrum ezzemoulense","38","22","50","37-40","","http://www.ncbi.nlm.nih.gov/pubmed/16825633"
"413816","Halorubrum halophilum","37","20","45","35-40","","http://www.ncbi.nlm.nih.gov/pubmed/24442192"
"1227480","Halorubrum hochstenium","37","0","0","","","http://www.atcc.org/products/all/700873.aspx#culturemethod"
"478441","Halorubrum kocurii","37","25","55","","","http://www.ncbi.nlm.nih.gov/pubmed/18768599"
"2247","Halorubrum lacusprofundi","0","0","0","","",""
"368624","Halorubrum lipolyticum","46","25","58","45-48","","http://ijs.sgmjournals.org/content/56/7/1631.full"
"409316","Halorubrum litoreum","40","20","55","37-42","","http://www.ncbi.nlm.nih.gov/pubmed/17911283?dopt=Abstract"
"2248","Halorubrum saccharovorum","50","0","0","","","http://www.ncbi.nlm.nih.gov/pubmed/1260548?dopt=Abstract"
"1173487","Halorubrum sp. AJ67",\N,\N,\N,\N,\N,\N
"1498500","Halorubrum sp. BV1",\N,\N,\N,\N,\N,\N
"1238428","Halorubrum sp. J07HR59",\N,\N,\N,\N,\N,\N
"1194088","Halorubrum sp. T3",\N,\N,\N,\N,\N,\N
"119434","Halorubrum tebenquichense","40","35","50","","","http://www.ncbi.nlm.nih.gov/pubmed/11837297"
"267368","Halorubrum terrestre","41","28","50","37-45","","http://ijs.sgmjournals.org/content/54/2/389.full.pdf"
"411361","Halosarcina pallida","30","25","45","","","http://www.ncbi.nlm.nih.gov/pubmed/18398182"
"171164","Halosimplex carlsbadense","38","22","50","37-40","","http://www.ncbi.nlm.nih.gov/pubmed/12486452"
"353800","Halostagnicola larsenii","37","0","0","","","http://ijs.sgmjournals.org/content/56/7/1519.full.pdf"
"1495067","Halostagnicola sp. A56","0","0","0","0","",""
"413811","Haloterrigena jeotgali","41","17","50","37-45","","http://ijs.sgmjournals.org/content/59/9/2359.full.pdf"
"370323","Haloterrigena limicola","47","30","60","45-50","","http://ijs.sgmjournals.org/content/56/8/1837.full.pdf"
"504937","Haloterrigena salina","37","25","50","","","http://www.ncbi.nlm.nih.gov/pubmed/19060076?dopt=Abstract"
"1416969","Haloterrigena sp. H13","45","0","0","","Aquatic","http://www.ncbi.nlm.nih.gov/genome/?term=txid1416969[Organism:noexp]"
"121872","Haloterrigena thermotolerans","50","0","60","","","http://www.ncbi.nlm.nih.gov/pubmed/10843046"
"62320","Haloterrigena turkmenica","0","0","0","","",""
"332953","Halovivax asiaticus","37","25","45","","","http://www.ncbi.nlm.nih.gov/pubmed/16585691"
"387341","Halovivax ruber","37","25","45","","","http://ijs.sgmjournals.org/content/57/5/1024.long"
"54248","Hyperthermus butylicus","0","0","0","","",""
"160233","Ignicoccus hospitalis","0","0","0","","",""
"334771","Ignisphaera aggregans","0","0","0","","",""
"913335","Marine Group III euryarchaeote SCGC AAA007-O11",\N,\N,\N,\N,\N,\N
"913336","Marine Group III euryarchaeote SCGC AAA288-E19",\N,\N,\N,\N,\N,\N
"1131268","Marine Group II euryarchaeote SCGC AB-629-J06",\N,\N,\N,\N,\N,\N
"1502289","Marine Group I thaumarchaeote SCGC AAA799-B03",\N,\N,\N,\N,\N,\N
"1502290","Marine Group I thaumarchaeote SCGC AAA799-D07",\N,\N,\N,\N,\N,\N
"1502291","Marine Group I thaumarchaeote SCGC AAA799-D11",\N,\N,\N,\N,\N,\N
"1502292","Marine Group I thaumarchaeote SCGC AAA799-E16",\N,\N,\N,\N,\N,\N
"1502293","Marine Group I thaumarchaeote SCGC AAA799-N04",\N,\N,\N,\N,\N,\N
"1502294","Marine Group I thaumarchaeote SCGC AAA799-O18",\N,\N,\N,\N,\N,\N
"1502295","Marine Group I thaumarchaeote SCGC AAA799-P11",\N,\N,\N,\N,\N,\N
"1131267","Marine Group I thaumarchaeote SCGC AB-629-A13",\N,\N,\N,\N,\N,\N
"1131266","Marine Group I thaumarchaeote SCGC AB-629-I23",\N,\N,\N,\N,\N,\N
"1503183","Marine Group I thaumarchaeote SCGC RSA3",\N,\N,\N,\N,\N,\N
"1032475","Marine group II euryarchaeote SCGC AAA288-C18",\N,\N,\N,\N,\N,\N
"1006005","Metallosphaera cuprina","0","0","0","","",""
"43687","Metallosphaera sedula","0","0","0","","",""
"1111107","Metallosphaera yellowstonensis","65","0","0","","","http://www.ncbi.nlm.nih.gov/pubmed/21239558"
"386456","Methanobacterium arcticum","37","15","45","","","http://www.ncbi.nlm.nih.gov/pubmed/20173003"
"2162","Methanobacterium formicicum","37","0","0","","","http://jb.asm.org/content/177/3/858"
"877455","Methanobacterium lacus","30","14","41","","","http://www.ncbi.nlm.nih.gov/pubmed/21890730?dopt=Abstract"
"1379702","Methanobacterium sp. MB1","0","0","0","","",""
"1220534","Methanobacterium sp. Maddingley MBC34","0","0","0","","",""
"1495336","Methanobacterium sp. SMA-27","0","0","0","","",""
"408577","Methanobacterium veterum","28","0","0","","","http://www.ncbi.nlm.nih.gov/pubmed/19654368?dopt=Abstract"
"39441","Methanobrevibacter arboriphilus","37","0","0","35-40","","http://ijs.sgmjournals.org/content/43/4/683.full.pdf"
"1348249","Methanobrevibacter boviskoreani","38","0","0","37-40","","http://www.ncbi.nlm.nih.gov/pubmed/23771627?dopt=Abstract"
"66851","Methanobrevibacter oralis","37","0","0","","","http://link.springer.com/article/10.1007%2FBF01570184"
"83816","Methanobrevibacter ruminantium","0","0","0","","",""
"2173","Methanobrevibacter smithii","0","0","0","","",""
"224719","Methanobrevibacter sp. AbM4","38","0","0","37-39","Ovine abomasum, ovine and bovine rumen","http://www.ncbi.nlm.nih.gov/pmc/articles/PMC3746419/pdf/sigs.3977691.pdf"
"190977","Methanobrevibacter wolinii","37","0","0","","","http://www.ncbi.nlm.nih.gov/pubmed/12054244"
"83171","Methanocaldococcus fervens","0","0","0","","",""
"67760","Methanocaldococcus infernus","0","0","0","","",""
"2190","Methanocaldococcus jannaschii","0","0","0","","",""
"1301915","Methanocaldococcus sp. JH146","0","0","0","","",""
"667126","Methanocaldococcus villosus","80","55","90","","","http://www.ncbi.nlm.nih.gov/pubmed/20622057"
"73913","Methanocaldococcus vulcanius","0","0","0","","",""
"1175445","Methanocella arvoryzae","0","0","0","","",""
"1175444","Methanocella conradii","0","0","0","","",""
"570267","Methanocella paludicola","0","0","0","","",""
"29291","Methanococcoides burtonii","0","0","0","","",""
"42879","Methanococcus aeolicus","0","0","0","","",""
"39152","Methanococcus maripaludis","0","0","0","","",""
"2187","Methanococcus vannielii","0","0","0","","",""
"2188","Methanococcus voltae","0","0","0","","",""
"71518","Methanocorpusculum bavaricum","37","15","45","","","http://www.ncbi.nlm.nih.gov/pubmed/2742452"
"83984","Methanocorpusculum labreanum","0","0","0","","",""
"83986","Methanoculleus bourgensis","0","0","0","","",""
"2198","Methanoculleus marisnigri","0","0","0","","",""
"1495314","Methanoculleus sp. MH98A",\N,\N,\N,\N,\N,\N
"2201","Methanofollis liminatans","40","15","45","","","http://www.ncbi.nlm.nih.gov/pubmed/10028269"
"2322","Methanohalobium evestigatum","0","0","0","","",""
"2176","Methanohalophilus mahii","0","0","0","","",""
"263906","Methanolinea tarda","50","35","55","","","http://www.ncbi.nlm.nih.gov/pubmed/18175725"
"420950","Methanolobus psychrophilus","18","0","25","","","http://www.ncbi.nlm.nih.gov/pubmed/18676698"
"2221","Methanolobus tindarius","25","0","0","","","http://www.sciencedirect.com/science/article/pii/S0721957182800057 http://www.atcc.org/products/all/35996.aspx#culturemethod"
"1080712","Methanomassiliicoccus luminyensis","37","0","0","","","http://www.ncbi.nlm.nih.gov/pubmed/22859731?dopt=Abstract"
"101192","Methanomethylovorans hollandica","35","0","0","34-37","","http://aem.asm.org/content/65/8/3641.full.pdf"
"2205","Methanomicrobium mobile","40","30","45","","","http://www.ncbi.nlm.nih.gov/pubmed/4870286?dopt=Abstract"
"2315","Methanoplanus limicola","40","0","0","","","http://link.springer.com/article/10.1007%2FBF00690813#page-1"
"54120","Methanoplanus petrolearius","0","0","0","","",""
"2320","Methanopyrus kandleri","0","0","0","","",""
"358766","Methanoregula boonei","0","0","0","","",""
"882104","Methanoregula formicica","32","10","40","30-33","","http://www.ncbi.nlm.nih.gov/pubmed/19667393"
"2223","Methanosaeta concilii","0","0","0","","",""
"301375","Methanosaeta harundinacea","0","0","0","","",""
"2224","Methanosaeta thermophila","0","0","0","","",""
"39669","Methanosalsum zhilinae","0","0","0","","",""
"2214","Methanosarcina acetivorans","0","0","0","","",""
"2208","Methanosarcina barkeri","0","0","0","","",""
"2209","Methanosarcina mazei","0","0","0","","",""
"1036677","Methanosarcina soligelidi","28","0","0","","","http://www.ncbi.nlm.nih.gov/pubmed/23378113"
"2317","Methanosphaera stadtmanae","0","0","0","","",""
"475088","Methanosphaerula palustris","0","0","0","","",""
"2203","Methanospirillum hungatei","0","0","0","","",""
"145263","Methanothermobacter marburgensis","0","0","0","","",""
"145262","Methanothermobacter thermautotrophicus","0","0","0","","",""
"155863","Methanothermococcus okinawensis","62","40","75","","","http://www.ncbi.nlm.nih.gov/pubmed/12148612?dopt=Abstract"
"2186","Methanothermococcus thermolithotrophicus","65","0","0","","","http://www.dsmz.de/catalogues/details/culture/DSM-2095.html"
"2180","Methanothermus fervidus","0","0","0","","",""
"213185","Methanotorris formicicus","75","55","83","","","http://www.ncbi.nlm.nih.gov/pubmed/15280275"
"2189","Methanotorris igneus","0","0","0","","",""
"660064","Methermicoccus shengliensis","65","50","70","","","http://www.ncbi.nlm.nih.gov/pubmed/18048758"
"1379390","Nanoarchaeota archaeon JGI OTU-1",\N,\N,\N,\N,\N,\N
"1379391","Nanoarchaeota archaeon JGI OTU-2",\N,\N,\N,\N,\N,\N
"743729","Nanoarchaeota archaeon SCGC AAA011-D5",\N,\N,\N,\N,\N,\N
"1104577","Nanoarchaeota archaeon SCGC AAA011-G17",\N,\N,\N,\N,\N,\N
"1302614","Nanoarchaeota archaeon SCGC AAA011-J2",\N,\N,\N,\N,\N,\N
"1104578","Nanoarchaeota archaeon SCGC AAA011-K22",\N,\N,\N,\N,\N,\N
"1104580","Nanoarchaeota archaeon SCGC AAA011-L15",\N,\N,\N,\N,\N,\N
"1046946","Nanoarchaeota archaeon SCGC AAA011-L22",\N,\N,\N,\N,\N,\N
"160232","Nanoarchaeum equitans","0","0","0","","",""
"1406378","Nanohaloarchaea archaeon AB578-D14","0","0","0","","Aquatic","http://www.nature.com/ncomms/2014/140814/ncomms5542/full/ncomms5542.html"
"129789","Natrialba aegyptia","40","0","60","37-42","","http://ijs.sgmjournals.org/content/51/3/1133.full.pdf"
"64602","Natrialba asiatica","35","0","50","30-40","","http://ijs.sgmjournals.org/content/51/3/1133.full.pdf"
"68911","Natrialba chahannaoensis","45","20","55","","","http://ijs.sgmjournals.org/content/51/5/1693.full.pdf"
"123783","Natrialba hulunbeirensis","50","20","55","","","http://ijs.sgmjournals.org/content/51/5/1693.full.pdf"
"13769","Natrialba magadii","0","0","0","","",""
"160846","Natrialba taiwanensis","37","0","55","35-40","","http://ijs.sgmjournals.org/content/51/3/1133.full.pdf"
"222984","Natrinema altunense","37","0","0","","","http://ijs.sgmjournals.org/content/55/3/1311.full.pdf"
"419186","Natrinema gari","38","20","60","37-40","","http://www.ncbi.nlm.nih.gov/pubmed/18842859"
"69527","Natrinema pallidum","38","0","0","37-40","","ijsb.sgmjournals.org/content/48/4/1187.full.pdf"
"69525","Natrinema pellirubrum","37","20","45","","","http://ijs.sgmjournals.org/content/48/4/1187.full.pdf"
"1172566","Natrinema sp. J7-1","0","0","0","","",""
"88724","Natrinema versiforme","43","20","53","37-46","","http://ijs.sgmjournals.org/content/50/3/1297.full.pdf"
"44930","Natronobacterium gregoryi","37","0","0","","","http://ijs.sgmjournals.org/content/47/3/853.full.pdf"
"44470","Natronococcus amylolyticus","42","0","0","40-045","","http://ijs.sgmjournals.org/content/45/4/762.full.pdf"
"413812","Natronococcus jeotgali","41","0","0","37-45","","http://www.ncbi.nlm.nih.gov/pubmed/17766885"
"29288","Natronococcus occultus","40","20","50","","","https://microbewiki.kenyon.edu/index.php/Natronococcus"
"253107","Natronolimnobius innermongolicus","41","0","0","37-45","","http://www.ncbi.nlm.nih.gov/pubmed/15841343"
"416273","Natronomonas moolapensis","38","0","0","37-40","","http://www.ncbi.nlm.nih.gov/pubmed/19667395"
"2257","Natronomonas pharaonis","0","0","0","","",""
"61858","Natronorubrum bangense","45","0","0","","","http://ijs.sgmjournals.org/content/49/1/261.full.pdf"
"388259","Natronorubrum sulfidifaciens","45","20","55","44-47","","http://www.ncbi.nlm.nih.gov/pubmed/17392197"
"63128","Natronorubrum tibetense","45","0","0","","","http://ijs.sgmjournals.org/content/49/1/261.full.pdf"
"338192","Nitrosopumilus maritimus","0","0","0","","",""
"1027373","Nitrosopumilus sp. AR","0","0","0","","marine sediment","http://jb.asm.org/content/194/24/6948.full"
"1027374","Nitrosopumilus sp. SJ","0","0","0","","marine sediment","http://www.ncbi.nlm.nih.gov/nuccore/484105223"
"1034015","Nitrososphaera viennensis","42","0","0","","","http://www.ncbi.nlm.nih.gov/pubmed/24907263"
"971279","Palaeococcus pacificus","80","50","90","","","http://www.ncbi.nlm.nih.gov/genome/?term=txid971279[Organism:exp]"
"82076","Picrophilus torridus","0","0","0","","",""
"13773","Pyrobaculum aerophilum","0","0","0","","",""
"121277","Pyrobaculum arsenaticum","0","0","0","","",""
"181486","Pyrobaculum calidifontis","0","0","0","","",""
"2277","Pyrobaculum islandicum","0","0","0","","",""
"70771","Pyrobaculum neutrophilum","85","0","0","","","http://www.ncbi.nlm.nih.gov/genome/?term=txid70771[Organism:exp]"
"99007","Pyrobaculum oguniense","0","0","0","","",""
"29292","Pyrococcus abyssi","0","0","0","","",""
"2261","Pyrococcus furiosus","0","0","0","","",""
"53953","Pyrococcus horikoshii","0","0","0","","",""
"1008460","Pyrococcus yayanosii","0","0","0","","",""
"54252","Pyrolobus fumarii","0","0","0","","",""
"1333523","Salinarchaeum sp. Harcht-Bsk1","37","0","0","","","http://www.ncbi.nlm.nih.gov/genome/?term=txid1333523[Organism:noexp]"
"84599","Staphylothermus hellenicus","0","0","0","","",""
"2280","Staphylothermus marinus","0","0","0","","",""
"1326980","Sulfolobales archaeon AZ1","65","0","0","","","http://genomea.asm.org/content/2/2/e00164-14.full"
"1294123","Sulfolobales archaeon Acd1","82","0","0","","","http://www.ncbi.nlm.nih.gov/pmc/articles/PMC3655853/"
"2285","Sulfolobus acidocaldarius","0","0","0","","",""
"43080","Sulfolobus islandicus","0","0","0","","",""
"2287","Sulfolobus solfataricus","0","0","0","","",""
"111955","Sulfolobus tokodaii","0","0","0","","",""
"1378080","Thaumarchaeota archaeon JGI OTU-1","81","0","0","","Aquatic","http://www.ncbi.nlm.nih.gov/genome/?term=txid1378080[Organism:noexp]"
"1395101","Thaumarchaeota archaeon JGI OTU-2","81","0","0","","Aquatic","http://www.ncbi.nlm.nih.gov/genome/?term=txid1395101[Organism:noexp]"
"1379386","Thaumarchaeota archaeon JGI OTU-3","81","0","0","","Aquatic","http://www.ncbi.nlm.nih.gov/genome/?term=txid1379386[Organism:noexp]"
"1379389","Thaumarchaeota archaeon JGI OTU-4","81","0","0","","Aquatic","http://www.ncbi.nlm.nih.gov/genome/?term=txid1379389[Organism:noexp]"
"1353246","Thaumarchaeota archaeon MY2","30","0","0","","Soil","http://www.ncbi.nlm.nih.gov/pubmed/24705324"
"1407055","Thaumarchaeota archaeon N4","45","0","0","",""," http://www.plosone.org/article/fetchObject.action?uri=info%3Adoi%2F10.1371%2Fjournal.pone.0080835&representation=PDF"
"913333","Thaumarchaeota archaeon SCGC AAA007-O23",\N,\N,\N,\N,\N,\N
"1298885","Thaumarchaeota archaeon SCGC AAA282-K18",\N,\N,\N,\N,\N,\N
"1104571","Thaumarchaeota archaeon SCGC AB-179-E04",\N,\N,\N,\N,\N,\N
"1198115","Thaumarchaeota archaeon SCGC AB-539-E09",\N,\N,\N,\N,\N,\N
"55802","Thermococcus barophilus","85","0","0","","","http://www.ncbi.nlm.nih.gov/pubmed/10319455"
"187878","Thermococcus gammatolerans","0","0","0","","",""
"311400","Thermococcus kodakarensis","0","0","0","","",""
"2265","Thermococcus litoralis","88","0","0","","","http://jb.asm.org/content/194/9/2375.long"
"195522","Thermococcus nautili","87.5","55","95","","","http://www.ncbi.nlm.nih.gov/pubmed/24556637"
"342948","Thermococcus onnurineus","0","0","0","","",""
"172049","Thermococcus sibiricus","0","0","0","","",""
"582419","Thermococcus sp. ES1","0","0","0","","",""
"913025","Thermococcus sp. PK","0","0","0","","",""
"54076","Thermococcus zilligii","77","0","0","75-80","","http://www.ncbi.nlm.nih.gov/genome/?term=txid54076[Organism:exp]"
"2269","Thermofilum pendens","0","0","0","","",""
"1365176","Thermofilum sp. 1910b","90","0","0","","Terrestrial","http://www.ncbi.nlm.nih.gov/genome/?term=txid1365176[Organism:noexp]"
"1200300","Thermogladius cellulolyticus","0","0","0","","",""
"2303","Thermoplasma acidophilum","0","0","0","","",""
"50339","Thermoplasma volcanium","0","0","0","","",""
"1054217","Thermoplasmatales archaeon BRNA1","39","0","0","","","http://www.ncbi.nlm.nih.gov/genome/?term=txid1054217[Organism:noexp]"
"1242690","Thermoplasmatales archaeon SCGC AB-539-C06","0","0","0","","Under ocean sediment","http://www.nature.com/nature/journal/v496/n7444/full/nature12033.html?WT.ec_id=NATURE-20130411"
"1198116","Thermoplasmatales archaeon SCGC AB-539-N05","0","0","0","","","http://www.nature.com/nature/journal/v496/n7444/full/nature12033.html?WT.ec_id=NATURE-20130411"
"1242866","Thermoplasmatales archaeon SCGC AB-540-F20","0","0","0","","","http://www.nature.com/nature/journal/v496/n7444/full/nature12033.html?WT.ec_id=NATURE-20130411"
"2271","Thermoproteus tenax","0","0","0","","",""
"184117","Thermoproteus uzoniensis","0","0","0","","",""
"54254","Thermosphaera aggregans","0","0","0","","",""
"164451","Vulcanisaeta distributa","0","0","0","","",""
"985052","Vulcanisaeta moutnovskia","0","0","0","","",""
"1415632","crenarchaeote JGI-OTU-1",\N,\N,\N,\N,\N,\N
"1130299","crenarchaeote SCGC AAA261-C22",\N,\N,\N,\N,\N,\N
"1130300","crenarchaeote SCGC AAA261-F05",\N,\N,\N,\N,\N,\N
"1130301","crenarchaeote SCGC AAA261-G18",\N,\N,\N,\N,\N,\N
"1130302","crenarchaeote SCGC AAA261-L14",\N,\N,\N,\N,\N,\N
"1130303","crenarchaeote SCGC AAA261-L22",\N,\N,\N,\N,\N,\N
"1130304","crenarchaeote SCGC AAA261-N13",\N,\N,\N,\N,\N,\N
"1130305","crenarchaeote SCGC AAA261-N23",\N,\N,\N,\N,\N,\N
"1130317","euryarchaeote SCGC AAA261-E04",\N,\N,\N,\N,\N,\N
"1130318","euryarchaeote SCGC AAA261-G15",\N,\N,\N,\N,\N,\N
"1071085","haloarchaeon 3A1 DGR","39","0","0","37-42","Aquatic","http://www.ncbi.nlm.nih.gov/genome/?term=txid1071085[Organism:noexp]"
"1085029","halophilic archaeon J07HB67",\N,\N,\N,\N,\N,\N
"1325472","halophilic archaeon J07HX5",\N,\N,\N,\N,\N,\N
"1085028","halophilic archaeon J07HX64",\N,\N,\N,\N,\N,\N
"1294122","nanoarchaeote Nst1","82","0","0","","","http://www.ncbi.nlm.nih.gov/pmc/articles/PMC3655853/"
